iteration,MSE_trg,MSE_val,MSE_tst,acc_trg,acc_val,acc_tst,f1_trg,f1_val,f1_tst,elapsed
0,0.113929731368,0.117692469298,0.114685041627,0.650666666667,0.66049382716,0.649350649351,0.186335403727,0.179104477612,0.164948453608,0.007625323
10,0.10926417003,0.108688811651,0.105668763789,0.650666666667,0.654320987654,0.649350649351,0,0,0,0.093291901
20,0.118878319618,0.119660448217,0.115459916034,0.658666666667,0.635802469136,0.636363636364,0.111111111111,0.0923076923077,0.0869565217391,0.176002187
30,0.111302807132,0.119549868607,0.114906514855,0.682666666667,0.58024691358,0.627705627706,0.425120772947,0.291666666667,0.328125,0.260898879
40,0.114467675687,0.110955222245,0.116426495456,0.669333333333,0.648148148148,0.649350649351,0.205128205128,0.0952380952381,0.10989010989,0.347089769
50,0.116811982126,0.113480144746,0.119629652316,0.661333333333,0.722222222222,0.666666666667,0.265895953757,0.430379746835,0.318584070796,0.427426814
60,0.10706203153,0.110936286264,0.113523690143,0.64,0.623456790123,0.61038961039,0.444444444444,0.440366972477,0.415584415584,0.511041614
70,0.0988351788258,0.10361351645,0.103593469457,0.730666666667,0.697530864198,0.69696969697,0.637992831541,0.614173228346,0.627659574468,0.596178497
80,0.0957696091135,0.096011918827,0.101595107641,0.685333333333,0.716049382716,0.640692640693,0.473214285714,0.574074074074,0.442953020134,0.678300886
90,0.0924137429512,0.0952143736299,0.0949322886688,0.738666666667,0.740740740741,0.709956709957,0.51,0.5625,0.496240601504,0.758386543
100,0.09159876476,0.0943145429729,0.0946826989074,0.736,0.746913580247,0.714285714286,0.530805687204,0.577319587629,0.514705882353,0.842778268
110,0.097191789809,0.103364705045,0.100190291035,0.728,0.648148148148,0.709956709957,0.610687022901,0.536585365854,0.617142857143,0.927613432
120,0.090544686565,0.0903592974735,0.0934924970133,0.749333333333,0.703703703704,0.718614718615,0.605042016807,0.593220338983,0.601226993865,1.010880706
130,0.0868669702922,0.0902278888754,0.0906264269021,0.752,0.691358024691,0.735930735931,0.582959641256,0.528301886792,0.606451612903,1.09472442
140,0.0873381973238,0.0904254424235,0.0902373202269,0.752,0.734567901235,0.727272727273,0.555023923445,0.547368421053,0.546762589928,1.173208217
150,0.0873552328282,0.0888031219219,0.0940372285646,0.733333333333,0.734567901235,0.727272727273,0.489795918367,0.527472527473,0.526315789474,1.256680492
160,0.0855466508673,0.0837120032605,0.0893820969164,0.754666666667,0.728395061728,0.727272727273,0.520833333333,0.5,0.511627906977,1.346344016
170,0.0872567412411,0.0850764632201,0.0904764120489,0.741333333333,0.703703703704,0.718614718615,0.497409326425,0.454545454545,0.503816793893,1.430946509
180,0.0908030643208,0.0946724855944,0.0947078023609,0.733333333333,0.703703703704,0.74025974026,0.528301886792,0.529411764706,0.58904109589,1.514905183
190,0.0905952349524,0.0905277398541,0.0934370187302,0.725333333333,0.722222222222,0.722943722944,0.546255506608,0.554455445545,0.573333333333,1.598885365
200,0.0848358988495,0.0887522526218,0.0889156014229,0.741333333333,0.728395061728,0.692640692641,0.507614213198,0.521739130435,0.466165413534,1.683724113
210,0.0854522959873,0.090118029166,0.0885445129028,0.730666666667,0.703703703704,0.714285714286,0.534562211982,0.538461538462,0.571428571429,1.772246353
220,0.0844427007176,0.0856258138689,0.0890299067724,0.749333333333,0.740740740741,0.701298701299,0.510416666667,0.533333333333,0.46511627907,1.855528061
230,0.0867096434634,0.0915261324348,0.0893916059174,0.746666666667,0.697530864198,0.718614718615,0.517766497462,0.436781609195,0.48,1.944053585
240,0.0861265255168,0.086503383619,0.0872308503331,0.733333333333,0.716049382716,0.731601731602,0.494949494949,0.510638297872,0.544117647059,2.026507255
250,0.0866477393151,0.0888690608954,0.0875443270749,0.738666666667,0.70987654321,0.705627705628,0.494845360825,0.483516483516,0.46875,2.110328618
260,0.087803709628,0.0908775013984,0.0906607156018,0.728,0.716049382716,0.714285714286,0.479591836735,0.488888888889,0.528571428571,2.191993508
270,0.0865618521664,0.0915723391842,0.0888430207587,0.738666666667,0.716049382716,0.714285714286,0.478723404255,0.439024390244,0.459016393443,2.277824637
280,0.0855291668269,0.0915033500787,0.0896031079502,0.730666666667,0.679012345679,0.709956709957,0.525821596244,0.5,0.544217687075,2.365488535
290,0.0890515600526,0.092421264005,0.0912090408332,0.722666666667,0.728395061728,0.709956709957,0.504761904762,0.541666666667,0.531468531469,2.447477827
300,0.0887799307873,0.0910293299227,0.0923263722362,0.730666666667,0.691358024691,0.701298701299,0.497512437811,0.431818181818,0.488888888889,2.534101584
310,0.086298756616,0.0890084684168,0.0923635588222,0.746666666667,0.728395061728,0.692640692641,0.517766497462,0.521739130435,0.474074074074,2.620125514
320,0.0857967281566,0.0882976219354,0.0891347746393,0.730666666667,0.716049382716,0.705627705628,0.48730964467,0.510638297872,0.507246376812,2.705127181
330,0.08543933803,0.0899724118537,0.0898555881427,0.746666666667,0.703703703704,0.705627705628,0.545454545455,0.489361702128,0.521126760563,2.790170105
340,0.0855108551286,0.0888175273414,0.0905380893413,0.730666666667,0.740740740741,0.701298701299,0.497512437811,0.553191489362,0.517482517483,2.878119411
350,0.0859951493172,0.0878715664671,0.0906833822077,0.744,0.716049382716,0.701298701299,0.524752475248,0.5,0.481203007519,2.963480041
360,0.0878669668085,0.0898016074388,0.0903181178631,0.725333333333,0.716049382716,0.714285714286,0.460732984293,0.477272727273,0.492307692308,3.048380194
370,0.0861111659187,0.0889355769458,0.0905669398804,0.738666666667,0.697530864198,0.69696969697,0.514851485149,0.484210526316,0.477611940299,3.138008121
380,0.0873564692903,0.0920182768077,0.0936136544072,0.744,0.70987654321,0.69696969697,0.510204081633,0.483516483516,0.477611940299,3.222166435
390,0.0873528730293,0.0893834181089,0.0933563770199,0.728,0.728395061728,0.688311688312,0.49504950495,0.521739130435,0.462686567164,3.304162276
400,0.0836761268832,0.0889837485841,0.0865716904343,0.749333333333,0.703703703704,0.735930735931,0.576576576577,0.529411764706,0.585034013605,3.394020486
410,0.0841478576828,0.0915776041464,0.0895934117851,0.738666666667,0.70987654321,0.69696969697,0.533333333333,0.525252525253,0.5,3.475239883
420,0.082631667641,0.0886550258915,0.0868006007591,0.752,0.716049382716,0.718614718615,0.555023923445,0.54,0.551724137931,3.560948382
430,0.083815763674,0.0925540111773,0.0910169946787,0.754666666667,0.728395061728,0.709956709957,0.553398058252,0.531914893617,0.510948905109,3.639813361
440,0.0836203279266,0.0904429423656,0.0909298838165,0.749333333333,0.722222222222,0.709956709957,0.520408163265,0.494382022472,0.480620155039,3.720268052
450,0.0843469729898,0.0920841161214,0.0899181185126,0.736,0.703703703704,0.753246753247,0.62641509434,0.593220338983,0.666666666667,3.806982844
460,0.0805376148125,0.0865441924929,0.0857975171512,0.754666666667,0.716049382716,0.731601731602,0.592920353982,0.557692307692,0.575342465753,3.896677942
470,0.0813404148775,0.0866686762615,0.0864938823831,0.752,0.734567901235,0.74025974026,0.610878661088,0.605504587156,0.61038961039,3.98294259
480,0.0812314434842,0.08778564516,0.0853588546131,0.757333333333,0.740740740741,0.757575757576,0.63453815261,0.631578947368,0.641025641026,4.069401419
490,0.0800880909243,0.0869322609918,0.0864179828588,0.765333333333,0.728395061728,0.744588744589,0.639344262295,0.6,0.62893081761,4.153301658
500,0.080819811377,0.0839051071857,0.0856470467954,0.768,0.716049382716,0.727272727273,0.606334841629,0.54,0.546762589928,4.238818333
510,0.0877213963089,0.0933800913732,0.0937821810168,0.752,0.697530864198,0.722943722944,0.649056603774,0.608,0.640449438202,4.32896866
520,0.0821688095085,0.0891432138697,0.0864491520333,0.762666666667,0.728395061728,0.753246753247,0.636734693878,0.607142857143,0.654545454545,4.416147419
530,0.0817406060271,0.0875898607679,0.0886851130291,0.773333333333,0.716049382716,0.74025974026,0.64135021097,0.566037735849,0.61038961039,4.502462028
540,0.0802941635112,0.0892131721159,0.0864529841389,0.762666666667,0.716049382716,0.74025974026,0.627615062762,0.581818181818,0.625,4.590992806
550,0.0831664705414,0.0908633967911,0.0888900697244,0.770666666667,0.728395061728,0.744588744589,0.650406504065,0.620689655172,0.642424242424,4.678258431
560,0.0808431417433,0.0850493184893,0.0864560520326,0.768,0.740740740741,0.735930735931,0.639004149378,0.625,0.621118012422,4.766137556
570,0.082506116372,0.0837217975331,0.0873708510006,0.752,0.722222222222,0.74025974026,0.593886462882,0.571428571429,0.605263157895,4.849185939
580,0.0829553452773,0.0870074675807,0.0867218838791,0.752,0.740740740741,0.744588744589,0.575342465753,0.5625,0.581560283688,4.936853661
590,0.0790793130091,0.0832949678007,0.0848475765611,0.776,0.746913580247,0.748917748918,0.634782608696,0.616822429907,0.632911392405,5.022431946
600,0.0817256366642,0.0826958547634,0.0865700950671,0.76,0.746913580247,0.727272727273,0.587155963303,0.585858585859,0.565517241379,5.10969191
610,0.0847611841693,0.081628795157,0.0877881697401,0.757333333333,0.765432098765,0.731601731602,0.53807106599,0.577777777778,0.515625,5.192789975
620,0.0813091059741,0.0852195519435,0.088426686885,0.773333333333,0.740740740741,0.735930735931,0.618834080717,0.588235294118,0.579310344828,5.279439255
630,0.0801728331827,0.0828696752119,0.0862697933558,0.776,0.746913580247,0.731601731602,0.611111111111,0.585858585859,0.575342465753,5.366279145
640,0.0815441931398,0.0837271640325,0.0852155863678,0.754666666667,0.740740740741,0.744588744589,0.6,0.596153846154,0.614379084967,5.451534291
650,0.0858232781303,0.0840595465697,0.0915666605909,0.762666666667,0.746913580247,0.727272727273,0.557213930348,0.539325842697,0.503937007874,5.536650367
660,0.0856262285773,0.0901343601018,0.0917334306876,0.754666666667,0.734567901235,0.74025974026,0.616666666667,0.605504587156,0.615384615385,5.621670206
670,0.0800321686198,0.0832154001235,0.0861862488341,0.765333333333,0.746913580247,0.731601731602,0.596330275229,0.609523809524,0.569444444444,5.704533507
680,0.0821060303242,0.0846456444826,0.0885289522757,0.770666666667,0.740740740741,0.744588744589,0.616071428571,0.571428571429,0.575539568345,5.790147837
690,0.0871010992856,0.0854428091772,0.092160643101,0.749333333333,0.746913580247,0.722943722944,0.520408163265,0.528735632184,0.483870967742,5.877286541
700,0.08296449596,0.09094812955,0.0901110272391,0.744,0.722222222222,0.744588744589,0.603305785124,0.594594594595,0.642424242424,5.966056643
710,0.082482307859,0.0855658610773,0.0878642981387,0.770666666667,0.740740740741,0.748917748918,0.578431372549,0.553191489362,0.573529411765,6.054846401
720,0.0868607477169,0.0898570753807,0.0904983234018,0.757333333333,0.734567901235,0.727272727273,0.533333333333,0.505747126437,0.496,6.139012918
730,0.0809510231004,0.0901685580649,0.0903047859328,0.752,0.734567901235,0.753246753247,0.590308370044,0.598130841121,0.632258064516,6.224615767
740,0.0808837722919,0.0869011102859,0.0876115337325,0.762666666667,0.734567901235,0.766233766234,0.614718614719,0.605504587156,0.666666666667,6.30533175
750,0.0849180248255,0.0956070203622,0.0921868318804,0.768,0.716049382716,0.761904761905,0.647773279352,0.589285714286,0.662576687117,6.391261624
760,0.0832411606489,0.0900596455287,0.0902227525873,0.757333333333,0.740740740741,0.748917748918,0.616033755274,0.603773584906,0.628205128205,6.482641132
770,0.083114422844,0.0909562142865,0.0935812343644,0.752,0.728395061728,0.718614718615,0.575342465753,0.584905660377,0.569536423841,6.566797907
780,0.0852241245303,0.0947417578361,0.0945533276703,0.752,0.716049382716,0.735930735931,0.604255319149,0.589285714286,0.611464968153,6.650987376
790,0.0857198015143,0.0922362952891,0.0911005585393,0.770666666667,0.722222222222,0.748917748918,0.629310344828,0.587155963303,0.618421052632,6.736917396
800,0.0837324204607,0.0925949247611,0.0914147693661,0.762666666667,0.722222222222,0.753246753247,0.614718614719,0.594594594595,0.650306748466,6.820664281
810,0.0824930953277,0.0931995136808,0.0928967213198,0.781333333333,0.740740740741,0.74025974026,0.652542372881,0.618181818182,0.62962962963,6.904234981
820,0.0859271084777,0.101926788776,0.096754471552,0.746666666667,0.70987654321,0.722943722944,0.621513944223,0.617886178862,0.623529411765,6.985295893
830,0.0804254646798,0.0867763236793,0.0857137785248,0.765333333333,0.740740740741,0.748917748918,0.610619469027,0.596153846154,0.613333333333,7.071154589
840,0.084062729208,0.0947165662413,0.0949278746153,0.770666666667,0.722222222222,0.753246753247,0.626086956522,0.594594594595,0.645962732919,7.154008701
850,0.0880237908714,0.0956439579382,0.091326494055,0.754666666667,0.722222222222,0.761904761905,0.616666666667,0.601769911504,0.662576687117,7.235301627
860,0.0832652362014,0.0888559880521,0.0920419542449,0.768,0.70987654321,0.748917748918,0.629787234043,0.560747663551,0.623376623377,7.316219679
870,0.0826958430335,0.0875917764477,0.0898519421948,0.770666666667,0.746913580247,0.744588744589,0.616071428571,0.609523809524,0.604026845638,7.402341771
880,0.0799923563131,0.0854597243604,0.0859904562571,0.770666666667,0.746913580247,0.753246753247,0.590476190476,0.594059405941,0.612244897959,7.489560388
890,0.0850774717274,0.0872716722953,0.0844497349775,0.773333333333,0.740740740741,0.757575757576,0.650205761317,0.618181818182,0.641025641026,7.576118114
900,0.0812210974352,0.0830176751418,0.0835882479583,0.768,0.734567901235,0.744588744589,0.616740088106,0.590476190476,0.593103448276,7.66175053
910,0.0819147472767,0.0837175543839,0.0868520111735,0.765333333333,0.740740740741,0.757575757576,0.617391304348,0.618181818182,0.631578947368,7.750456754
920,0.0826052831218,0.0853713982828,0.0828842334121,0.765333333333,0.740740740741,0.757575757576,0.627118644068,0.603773584906,0.631578947368,7.838720605
930,0.0813188311864,0.0905686644861,0.0877380783393,0.765333333333,0.722222222222,0.753246753247,0.623931623932,0.587155963303,0.632258064516,7.926204693
940,0.0825249438264,0.0873832095855,0.0902428322072,0.770666666667,0.759259259259,0.727272727273,0.598130841121,0.613861386139,0.553191489362,8.012437913
950,0.0806226013763,0.0869822844488,0.0832018060888,0.762666666667,0.746913580247,0.770562770563,0.62447257384,0.630630630631,0.662420382166,8.098948021
960,0.0858861583997,0.0886941569428,0.0912277935919,0.754666666667,0.734567901235,0.731601731602,0.59649122807,0.598130841121,0.597402597403,8.191164659
970,0.0838358946739,0.0915718861024,0.0878074499721,0.765333333333,0.746913580247,0.774891774892,0.636363636364,0.649572649573,0.679012345679,8.277467852
980,0.079959293544,0.086863876696,0.083400068208,0.781333333333,0.759259259259,0.787878787879,0.627272727273,0.613861386139,0.671140939597,8.365121595
990,0.087110919276,0.0900934748809,0.0925266327302,0.76,0.734567901235,0.748917748918,0.608695652174,0.574257425743,0.585714285714,8.458396472
1000,0.0836459816445,0.0869698816689,0.0900983459151,0.765333333333,0.734567901235,0.727272727273,0.580952380952,0.565656565657,0.540145985401,8.54799132
1010,0.0840941192874,0.0882856599079,0.09054075515,0.773333333333,0.728395061728,0.744588744589,0.632034632035,0.6,0.604026845638,8.635790402
1020,0.0832789500213,0.080063977253,0.0888025852064,0.770666666667,0.753086419753,0.74025974026,0.590476190476,0.615384615385,0.558823529412,8.717887281
1030,0.0837476464784,0.0833134657886,0.0884046831755,0.776,0.740740740741,0.748917748918,0.592233009709,0.588235294118,0.573529411765,8.798577034
1040,0.0857016723691,0.0808877237756,0.0934546605515,0.765333333333,0.753086419753,0.709956709957,0.588785046729,0.607843137255,0.524822695035,8.882127729
1050,0.0837877816892,0.0848139406961,0.0888666664079,0.776,0.746913580247,0.735930735931,0.607476635514,0.594059405941,0.567375886525,8.963947707
1060,0.0815998026396,0.086158915992,0.0865417644287,0.773333333333,0.734567901235,0.766233766234,0.625550660793,0.590476190476,0.649350649351,9.046968436
1070,0.0853352161238,0.083833202359,0.0899821181593,0.762666666667,0.740740740741,0.74025974026,0.604444444444,0.596153846154,0.583333333333,9.131040473
1080,0.083177717045,0.0866664889902,0.0885624354332,0.765333333333,0.728395061728,0.753246753247,0.627118644068,0.607142857143,0.636942675159,9.215702087
1090,0.0792378341026,0.0841845337349,0.0891058671957,0.786666666667,0.734567901235,0.74025974026,0.62962962963,0.598130841121,0.58904109589,9.299765241
1100,0.0821613811229,0.07919767261,0.085729825363,0.770666666667,0.753086419753,0.735930735931,0.590476190476,0.6,0.548148148148,9.382249937
1110,0.0805980419864,0.0844507130395,0.0876080638432,0.781333333333,0.746913580247,0.744588744589,0.62037037037,0.601941747573,0.575539568345,9.467207035
1120,0.0810877008995,0.0837081033846,0.0907314809286,0.776,0.759259259259,0.722943722944,0.603773584906,0.613861386139,0.549295774648,9.548512133
1130,0.0836322351172,0.0928362128125,0.0887254961834,0.752,0.70987654321,0.766233766234,0.63813229572,0.611570247934,0.686046511628,9.634573292
1140,0.0800124192621,0.0860510077456,0.0863669140133,0.754666666667,0.734567901235,0.748917748918,0.629032258065,0.626086956522,0.641975308642,9.721100399
1150,0.0820944441902,0.0827476742384,0.0892583463113,0.776,0.728395061728,0.735930735931,0.634782608696,0.607142857143,0.606451612903,9.805855326
1160,0.082519169447,0.0883631556845,0.0909221852827,0.768,0.740740740741,0.753246753247,0.639004149378,0.618181818182,0.650306748466,9.889665329
1170,0.0835738179447,0.0798383460559,0.0892521799143,0.762666666667,0.746913580247,0.727272727273,0.586046511628,0.601941747573,0.553191489362,9.971011828
1180,0.0824442745133,0.0790834154276,0.0887203979007,0.768,0.753086419753,0.753246753247,0.579710144928,0.607843137255,0.589928057554,10.05310031
1190,0.0868660190872,0.091233677532,0.0932247944383,0.733333333333,0.716049382716,0.735930735931,0.618320610687,0.622950819672,0.651428571429,10.13447134
1200,0.0802696527672,0.0831985296419,0.085515078047,0.768,0.746913580247,0.753246753247,0.613333333333,0.623853211009,0.632258064516,10.218985232
1210,0.0816872575033,0.08749572316,0.0883553180354,0.768,0.716049382716,0.748917748918,0.629787234043,0.59649122807,0.6375,10.3041704
1220,0.0826109787344,0.0886954934682,0.0922881093953,0.762666666667,0.722222222222,0.727272727273,0.62447257384,0.601769911504,0.608695652174,10.388393277
1230,0.0812078282027,0.0854572535932,0.0863540558451,0.762666666667,0.722222222222,0.753246753247,0.636734693878,0.615384615385,0.658682634731,10.474650759
1240,0.0812977829368,0.0805300167033,0.0908888272765,0.768,0.734567901235,0.753246753247,0.579710144928,0.574257425743,0.577777777778,10.557254341
1250,0.081570982504,0.0876438699134,0.0914778924878,0.770666666667,0.753086419753,0.748917748918,0.622807017544,0.62962962963,0.628205128205,10.643610077
1260,0.0835636667966,0.0921033616189,0.0905029540228,0.741333333333,0.728395061728,0.766233766234,0.622568093385,0.627118644068,0.689655172414,10.727536941
1270,0.0825677881927,0.08541158629,0.0933847572494,0.770666666667,0.740740740741,0.727272727273,0.598130841121,0.611111111111,0.565517241379,10.814052523
1280,0.0847731381262,0.0908037087693,0.0963094897974,0.752,0.716049382716,0.735930735931,0.614107883817,0.603448275862,0.630303030303,10.898603715
1290,0.0802809149626,0.0860030932483,0.0893647741659,0.778666666667,0.753086419753,0.74025974026,0.62443438914,0.62962962963,0.61038961039,10.980773759
1300,0.0815146143182,0.0865691723735,0.0892801003749,0.765333333333,0.740740740741,0.757575757576,0.63025210084,0.631578947368,0.654320987654,11.066046299
1310,0.0875047263658,0.0958595795507,0.0973784219874,0.738666666667,0.722222222222,0.731601731602,0.628787878788,0.621848739496,0.647727272727,11.148970429
1320,0.0863390336812,0.0869347615199,0.0945297045548,0.76,0.722222222222,0.735930735931,0.612068965517,0.601769911504,0.621118012422,11.228002205
1330,0.0823424995168,0.0772876496033,0.0895705330495,0.776,0.753086419753,0.727272727273,0.611111111111,0.615384615385,0.559440559441,11.311514698
1340,0.0860341834862,0.0910202177637,0.0976905813157,0.754666666667,0.722222222222,0.735930735931,0.622950819672,0.608695652174,0.630303030303,11.393026906
1350,0.0824776996,0.0857043934936,0.0955610693569,0.776,0.722222222222,0.727272727273,0.647058823529,0.615384615385,0.627218934911,11.475019761
1360,0.0814449525511,0.0868131643826,0.0893602025452,0.770666666667,0.716049382716,0.757575757576,0.629310344828,0.59649122807,0.654320987654,11.554728254
1370,0.0822136723156,0.0877528332872,0.0934632432411,0.765333333333,0.765432098765,0.735930735931,0.627118644068,0.666666666667,0.621118012422,11.635337968
1380,0.0824933092775,0.0851708974979,0.0946824009622,0.765333333333,0.753086419753,0.727272727273,0.623931623932,0.642857142857,0.613496932515,11.713504092
1390,0.0797551439195,0.0779667756494,0.0870783704105,0.762666666667,0.765432098765,0.753246753247,0.621276595745,0.666666666667,0.658682634731,11.795057194
1400,0.0835331077684,0.0790817834748,0.0892292401852,0.749333333333,0.765432098765,0.735930735931,0.617886178862,0.683333333333,0.639053254438,11.879032688
1410,0.0842498657847,0.079072236937,0.0893435971607,0.749333333333,0.765432098765,0.735930735931,0.611570247934,0.677966101695,0.639053254438,11.957102776
1420,0.0856329386361,0.0809317220737,0.090634618332,0.754666666667,0.759259259259,0.731601731602,0.610169491525,0.648648648649,0.6125,12.035443219
1430,0.0851370366141,0.0799110034522,0.0907478031091,0.746666666667,0.79012345679,0.735930735931,0.618473895582,0.71186440678,0.634730538922,12.120980554
1440,0.0842429481855,0.0802955468488,0.0944458063746,0.757333333333,0.759259259259,0.722943722944,0.595555555556,0.621359223301,0.567567567568,12.20150505
1450,0.0829441418976,0.0801978510066,0.0908247893024,0.754666666667,0.765432098765,0.744588744589,0.629032258065,0.677966101695,0.62893081761,12.281726487
1460,0.0875244125001,0.0798020361352,0.0948912495692,0.744,0.771604938272,0.714285714286,0.596638655462,0.666666666667,0.5875,12.368771443
1470,0.090304236466,0.0849717008356,0.0952153777608,0.733333333333,0.771604938272,0.714285714286,0.609375,0.689075630252,0.607142857143,12.448519894
1480,0.087257288387,0.0757854455263,0.0922478032567,0.762666666667,0.771604938272,0.727272727273,0.600896860987,0.647619047619,0.565517241379,12.528646891
1490,0.0862042182794,0.0908623734157,0.0898295415913,0.741333333333,0.728395061728,0.731601731602,0.616600790514,0.627118644068,0.630952380952,12.612144112
1500,0.0851188001773,0.0790092739667,0.093729823462,0.76,0.808641975309,0.727272727273,0.651162790698,0.743801652893,0.622754491018,12.697163672
1510,0.0859559559312,0.0812435686844,0.0929389341177,0.746666666667,0.771604938272,0.735930735931,0.612244897959,0.694214876033,0.616352201258,12.781863275
1520,0.0913378994419,0.0846696562185,0.0956675437464,0.754666666667,0.802469135802,0.744588744589,0.664233576642,0.746031746032,0.674033149171,12.865548781
1530,0.0857686661412,0.0785351691284,0.0898669527184,0.754666666667,0.759259259259,0.735930735931,0.6,0.642201834862,0.585034013605,12.949809483
1540,0.0965442029799,0.0828491789213,0.100022084954,0.738666666667,0.765432098765,0.731601731602,0.52427184466,0.62,0.515625,13.033933248
1550,0.0873977373229,0.0799112081011,0.0941086521987,0.744,0.777777777778,0.731601731602,0.586206896552,0.678571428571,0.581081081081,13.116886299
1560,0.0864135325966,0.0811050725989,0.0932113660482,0.754666666667,0.746913580247,0.731601731602,0.622950819672,0.655462184874,0.602564102564,13.195909432
1570,0.0874298868794,0.0895864586707,0.0924683301599,0.749333333333,0.716049382716,0.735930735931,0.617886178862,0.610169491525,0.625766871166,13.278903813
1580,0.0869607399466,0.0800958671962,0.095058069809,0.730666666667,0.771604938272,0.731601731602,0.607003891051,0.689075630252,0.6125,13.359680728
1590,0.0854978585445,0.0945341418744,0.092508042879,0.744,0.716049382716,0.744588744589,0.619047619048,0.610169491525,0.654970760234,13.442162251
1600,0.0831548375635,0.0836707022932,0.0897854396355,0.746666666667,0.746913580247,0.735930735931,0.624505928854,0.649572649573,0.647398843931,13.525484949
1610,0.0811381709319,0.0852889482013,0.0885622400558,0.765333333333,0.746913580247,0.748917748918,0.627118644068,0.623853211009,0.6375,13.610571936
1620,0.0834037647277,0.0873669116005,0.0871437109415,0.770666666667,0.734567901235,0.744588744589,0.638655462185,0.619469026549,0.633540372671,13.699531317
1630,0.0885694185371,0.0888301582501,0.100913951487,0.741333333333,0.753086419753,0.718614718615,0.619607843137,0.649122807018,0.601226993865,13.782176145
1640,0.0833726030441,0.0796952388399,0.097181268505,0.754666666667,0.771604938272,0.705627705628,0.646153846154,0.683760683761,0.58024691358,13.869682371
1650,0.0836312156709,0.0866802610858,0.0896716255108,0.768,0.746913580247,0.74025974026,0.62660944206,0.616822429907,0.620253164557,13.954644305
1660,0.0844789744408,0.0831186865769,0.0917342397826,0.738666666667,0.771604938272,0.731601731602,0.628787878788,0.683760683761,0.630952380952,14.039862194
1670,0.0875281291068,0.0838851251834,0.0958964981531,0.741333333333,0.771604938272,0.731601731602,0.631178707224,0.694214876033,0.639534883721,14.122215915
1680,0.0842079218015,0.0817863736627,0.0894598841603,0.749333333333,0.771604938272,0.722943722944,0.614754098361,0.678260869565,0.6,14.202984757
1690,0.0913192398204,0.0925739508371,0.0916502020574,0.725333333333,0.746913580247,0.735930735931,0.628158844765,0.682170542636,0.673796791444,14.286264192
1700,0.0856180403135,0.0832307540893,0.089212459367,0.749333333333,0.765432098765,0.731601731602,0.624,0.666666666667,0.635294117647,14.367042243
1710,0.0892881854807,0.0786335283782,0.0948849782609,0.744,0.783950617284,0.701298701299,0.596638655462,0.678899082569,0.554838709677,14.450160647
1720,0.0834793624375,0.0854274452702,0.0903789505851,0.776,0.746913580247,0.735930735931,0.637931034483,0.601941747573,0.601307189542,14.536899643
1730,0.0896515418429,0.0934621383989,0.0947537347641,0.741333333333,0.722222222222,0.744588744589,0.522167487685,0.494382022472,0.535433070866,14.62007733
1740,0.0850455758647,0.0846107812198,0.0849312471274,0.744,0.759259259259,0.770562770563,0.589743589744,0.635514018692,0.658064516129,14.703754674
1750,0.0844294635515,0.0864890195385,0.0874737883492,0.765333333333,0.771604938272,0.757575757576,0.580952380952,0.602150537634,0.6,14.78527573
1760,0.104814751815,0.100356370301,0.108637861145,0.714666666667,0.703703703704,0.69696969697,0.381502890173,0.351351351351,0.363636363636,14.871287447
1770,0.0894768528766,0.0843645039719,0.095156711641,0.749333333333,0.759259259259,0.722943722944,0.534653465347,0.571428571429,0.507692307692,14.952068483
1780,0.0831005443456,0.0875144861259,0.0894049301178,0.76,0.728395061728,0.731601731602,0.587155963303,0.541666666667,0.557142857143,15.033362168
1790,0.0877598434627,0.0933810864077,0.0953164795992,0.765333333333,0.728395061728,0.727272727273,0.56,0.531914893617,0.533333333333,15.112886325
1800,0.081111122475,0.081071173211,0.0859461744367,0.784,0.734567901235,0.757575757576,0.608695652174,0.547368421053,0.582089552239,15.195829812
1810,0.0798602772134,0.0869755855326,0.0862014621439,0.784,0.716049382716,0.727272727273,0.643171806167,0.530612244898,0.582781456954,15.277456212
1820,0.0836610603099,0.0888991054997,0.0896909853595,0.762666666667,0.728395061728,0.753246753247,0.618025751073,0.607142857143,0.641509433962,15.358941668
1830,0.0826018613765,0.0894117387082,0.0900913352048,0.762666666667,0.734567901235,0.74025974026,0.621276595745,0.605504587156,0.62962962963,15.443744282
1840,0.0812926886041,0.0827486238326,0.0843856208514,0.786666666667,0.70987654321,0.766233766234,0.633027522936,0.525252525253,0.625,15.526150092
1850,0.0816251527425,0.0838798102251,0.0844980712345,0.762666666667,0.734567901235,0.757575757576,0.621276595745,0.605504587156,0.654320987654,15.604361671
1860,0.0823985343452,0.0839135851674,0.0896137239305,0.768,0.728395061728,0.74025974026,0.639004149378,0.6,0.638554216867,15.688383009
1870,0.0835516888599,0.0873921788451,0.0881239946452,0.773333333333,0.716049382716,0.744588744589,0.618834080717,0.54,0.614379084967,15.772811947
1880,0.0830446631829,0.0878190962963,0.0859787661041,0.762666666667,0.746913580247,0.748917748918,0.63967611336,0.616822429907,0.641975308642,15.855025496
1890,0.0832341306788,0.0874511689367,0.087844822132,0.76,0.716049382716,0.74025974026,0.575471698113,0.520833333333,0.571428571429,15.943067445
1900,0.0847392247423,0.0866449526336,0.0893404886754,0.757333333333,0.70987654321,0.722943722944,0.564593301435,0.505263157895,0.555555555556,16.033335331
1910,0.0846660494238,0.0846518378797,0.0903452621648,0.754666666667,0.728395061728,0.731601731602,0.574074074074,0.551020408163,0.544117647059,16.123389082
1920,0.094776505837,0.0964839054913,0.103305531459,0.744,0.70987654321,0.69696969697,0.505154639175,0.459770114943,0.444444444444,16.209336029
1930,0.0825480704389,0.0897407587783,0.0887924770099,0.768,0.716049382716,0.74025974026,0.602739726027,0.530612244898,0.594594594595,16.292541085
1940,0.0839053629352,0.0936691137273,0.0878509386966,0.770666666667,0.70987654321,0.766233766234,0.626086956522,0.560747663551,0.649350649351,16.379103215
1950,0.084598993065,0.0886871124745,0.0899498146216,0.754666666667,0.722222222222,0.748917748918,0.581818181818,0.545454545455,0.602739726027,16.469497132
1960,0.0836524405212,0.0905472706828,0.0930616530119,0.762666666667,0.716049382716,0.753246753247,0.589861751152,0.54,0.612244897959,16.556997801
1970,0.088162191228,0.0857727544953,0.0943860167111,0.749333333333,0.753086419753,0.761904761905,0.53,0.583333333333,0.609929078014,16.644422575
1980,0.0847686519142,0.0905571387797,0.0904692929179,0.744,0.722222222222,0.748917748918,0.578947368421,0.579439252336,0.628205128205,16.729144475
1990,0.082133899356,0.0871656759787,0.0909049719951,0.754666666667,0.740740740741,0.748917748918,0.613445378151,0.618181818182,0.646341463415,16.81541093
2000,0.0828782070907,0.0875527336572,0.0928402071593,0.762666666667,0.734567901235,0.753246753247,0.586046511628,0.574257425743,0.632258064516,16.905447311
2010,0.0787365694749,0.0861607337093,0.0881325520163,0.770666666667,0.771604938272,0.748917748918,0.65873015873,0.683760683761,0.650602409639,16.998703092
2020,0.0802749865963,0.0821661532144,0.0878041006743,0.765333333333,0.753086419753,0.78354978355,0.603603603604,0.622641509434,0.683544303797,17.087186724
2030,0.0802440679465,0.0828250358712,0.0891702501595,0.76,0.765432098765,0.766233766234,0.608695652174,0.660714285714,0.658227848101,17.174355974
2040,0.0814399983447,0.0892502723694,0.0929860410942,0.754666666667,0.734567901235,0.753246753247,0.626016260163,0.626086956522,0.666666666667,17.264069089
2050,0.0835996163293,0.084006291577,0.092718936414,0.757333333333,0.740740740741,0.744588744589,0.572769953052,0.603773584906,0.614379084967,17.352728209
2060,0.0811671280698,0.0866347479867,0.089860296164,0.765333333333,0.734567901235,0.744588744589,0.645161290323,0.644628099174,0.633540372671,17.435380955
2070,0.0835900262545,0.0808863086286,0.0924688413991,0.76,0.759259259259,0.722943722944,0.567307692308,0.628571428571,0.555555555556,17.521664877
2080,0.084380743887,0.0843064232558,0.0940331545454,0.765333333333,0.746913580247,0.735930735931,0.580952380952,0.594059405941,0.573426573427,17.604339344
2090,0.0782354195278,0.0833161311694,0.0876742524326,0.786666666667,0.765432098765,0.753246753247,0.646017699115,0.648148148148,0.612244897959,17.689641545
2100,0.0761790753273,0.0834310095899,0.0874450472118,0.768,0.728395061728,0.757575757576,0.635983263598,0.607142857143,0.65,17.779810457
2110,0.078141657425,0.081561230985,0.0868821915919,0.789333333333,0.728395061728,0.770562770563,0.663829787234,0.614035087719,0.658064516129,17.863819252
2120,0.0809082683516,0.084186915184,0.0818182488102,0.768,0.753086419753,0.78354978355,0.623376623377,0.62962962963,0.662162162162,17.948055729
2130,0.0825950981344,0.080618919107,0.0828647681384,0.776,0.740740740741,0.779220779221,0.614678899083,0.588235294118,0.648275862069,18.034653958
2140,0.0852429698285,0.082895821022,0.0818725437154,0.757333333333,0.716049382716,0.774891774892,0.588235294118,0.530612244898,0.633802816901,18.121983289
2150,0.0842792257083,0.0803045148835,0.0865615880062,0.773333333333,0.759259259259,0.766233766234,0.597156398104,0.59793814433,0.614285714286,18.210886658
2160,0.0837997656842,0.0790184912737,0.0834075166249,0.765333333333,0.753086419753,0.770562770563,0.584905660377,0.591836734694,0.629370629371,18.292644594
2170,0.0842687774914,0.0817163543019,0.0845508786205,0.778666666667,0.740740740741,0.770562770563,0.613953488372,0.588235294118,0.629370629371,18.380993695
2180,0.0816811450073,0.0887982593013,0.082726674226,0.776,0.722222222222,0.774891774892,0.637931034483,0.594594594595,0.670886075949,18.46604136
2190,0.0832009479268,0.0817206817845,0.0860043241488,0.776,0.734567901235,0.774891774892,0.6,0.547368421053,0.617647058824,18.549752889
2200,0.084557832168,0.0885143354772,0.0861113693699,0.76,0.716049382716,0.761904761905,0.598214285714,0.581818181818,0.630872483221,18.637384947
2210,0.0831383215977,0.0789867461377,0.0851315318607,0.784,0.783950617284,0.770562770563,0.630136986301,0.678899082569,0.634482758621,18.724334972
2220,0.0840750320969,0.0848984269278,0.0842946356639,0.765333333333,0.759259259259,0.779220779221,0.617391304348,0.654867256637,0.662251655629,18.807884316
2230,0.0858178441043,0.0876992630356,0.0861060125006,0.76,0.728395061728,0.748917748918,0.587155963303,0.576923076923,0.597222222222,18.890566855
2240,0.0838387455565,0.0809549479706,0.0857828151767,0.773333333333,0.759259259259,0.779220779221,0.604651162791,0.628571428571,0.648275862069,18.975774577
2250,0.0909886224499,0.0955793601376,0.0928874899012,0.730666666667,0.746913580247,0.770562770563,0.624535315985,0.687022900763,0.700564971751,19.057051496
2260,0.0894433840326,0.0965772770351,0.0913300718241,0.757333333333,0.728395061728,0.74025974026,0.653992395437,0.661538461538,0.647058823529,19.143721104
2270,0.086959280038,0.0878289508162,0.0901889992647,0.754666666667,0.753086419753,0.748917748918,0.648854961832,0.68253968254,0.654761904762,19.226324931
2280,0.0882729169633,0.088607188248,0.0918801654187,0.757333333333,0.765432098765,0.774891774892,0.648648648649,0.703125,0.686746987952,19.314193198
2290,0.0841137303722,0.0866539421579,0.0895085895782,0.762666666667,0.753086419753,0.744588744589,0.621276595745,0.642857142857,0.614379084967,19.400080965
2300,0.0827925352837,0.0867401530408,0.0880615315383,0.757333333333,0.771604938272,0.757575757576,0.622406639004,0.683760683761,0.641025641026,19.482043043
2310,0.0826733358418,0.0838920983791,0.0904022559925,0.770666666667,0.759259259259,0.744588744589,0.626086956522,0.635514018692,0.604026845638,19.564394418
2320,0.0864960807575,0.0885265171972,0.0908511602303,0.770666666667,0.728395061728,0.761904761905,0.598130841121,0.56862745098,0.615384615385,19.647460565
2330,0.0841042656069,0.089234397343,0.0874125126322,0.765333333333,0.740740740741,0.74025974026,0.610619469027,0.596153846154,0.58904109589,19.729991167
2340,0.0843721899902,0.0953628581954,0.088480619904,0.757333333333,0.722222222222,0.735930735931,0.631578947368,0.594594594595,0.611464968153,19.810714561
2350,0.080400791119,0.087398182354,0.0847307234313,0.76,0.722222222222,0.753246753247,0.612068965517,0.563106796117,0.632258064516,19.900373284
2360,0.0821748296706,0.0900168347437,0.0884195279755,0.765333333333,0.753086419753,0.748917748918,0.617391304348,0.607843137255,0.618421052632,19.985663502
2370,0.0826186139689,0.092177092637,0.0885675096152,0.762666666667,0.759259259259,0.748917748918,0.656370656371,0.677685950413,0.646341463415,20.073044606
2380,0.084734664493,0.0861122181789,0.0853119169898,0.768,0.734567901235,0.761904761905,0.606334841629,0.565656565657,0.598540145985,20.155762621
2390,0.0810784441427,0.0828379387781,0.0872517976052,0.770666666667,0.783950617284,0.761904761905,0.635593220339,0.684684684685,0.620689655172,20.233464761
2400,0.0823939764006,0.0832346159909,0.0830280126124,0.762666666667,0.783950617284,0.779220779221,0.621276595745,0.672897196262,0.666666666667,20.312909013
2410,0.0835888977166,0.0825860521601,0.0846247103362,0.762666666667,0.777777777778,0.774891774892,0.633744855967,0.666666666667,0.662337662338,20.395399535
2420,0.0835475542096,0.079484056054,0.085222863122,0.773333333333,0.79012345679,0.779220779221,0.64135021097,0.685185185185,0.65306122449,20.48021065
2430,0.0814424256422,0.084356798722,0.0870561340357,0.776,0.777777777778,0.770562770563,0.637931034483,0.678571428571,0.649006622517,20.561921782
2440,0.0804452058967,0.0820236041973,0.0839948873286,0.770666666667,0.759259259259,0.78354978355,0.647540983607,0.648648648649,0.671052631579,20.643495171
2450,0.0813887427404,0.0871002036462,0.0882367856342,0.773333333333,0.734567901235,0.761904761905,0.632034632035,0.598130841121,0.625850340136,20.721350472
2460,0.0825501742172,0.0864858145983,0.0850410747914,0.749333333333,0.753086419753,0.770562770563,0.601694915254,0.62962962963,0.658064516129,20.807752949
2470,0.0817680159169,0.0856228253867,0.0805374362783,0.76,0.746913580247,0.792207792208,0.612068965517,0.623853211009,0.675675675676,20.889654343
2480,0.0874925622057,0.0850291629687,0.0900493904132,0.744,0.740740740741,0.761904761905,0.586206896552,0.603773584906,0.625850340136,20.975865475
2490,0.0857515839184,0.0828223297337,0.0899518915549,0.770666666667,0.759259259259,0.766233766234,0.632478632479,0.642201834862,0.630136986301,21.067934015
2500,0.0878587688291,0.0960186817418,0.0918744816877,0.749333333333,0.753086419753,0.74025974026,0.664285714286,0.6875,0.659090909091,21.152525849
2510,0.0815474519723,0.0845223942882,0.0846299384108,0.762666666667,0.740740740741,0.770562770563,0.642570281124,0.637931034483,0.666666666667,21.242393518
2520,0.0839192066037,0.0860560669812,0.0905266787116,0.781333333333,0.740740740741,0.761904761905,0.61320754717,0.553191489362,0.609929078014,21.333997273
2530,0.0832511931019,0.0887969071716,0.0883859385456,0.76,0.734567901235,0.761904761905,0.601769911504,0.582524271845,0.625850340136,21.417301243
2540,0.0831598531319,0.085798675059,0.0844753572769,0.765333333333,0.759259259259,0.770562770563,0.614035087719,0.621359223301,0.639455782313,21.503133892
2550,0.08265286668,0.0897629303733,0.0866335113167,0.757333333333,0.740740740741,0.757575757576,0.602620087336,0.603773584906,0.621621621622,21.588124324
2560,0.0830771057567,0.0915166511032,0.0871914523106,0.754666666667,0.740740740741,0.753246753247,0.643410852713,0.631578947368,0.654545454545,21.676927207
2570,0.0870211427371,0.0966531437153,0.0869938922987,0.749333333333,0.740740740741,0.779220779221,0.605042016807,0.625,0.675159235669,21.76471274
2580,0.0825247064522,0.0905461764064,0.0882761401413,0.768,0.740740740741,0.779220779221,0.587677725118,0.553191489362,0.643356643357,21.852743122
2590,0.0820091101668,0.0920094963176,0.0882045057895,0.76,0.728395061728,0.761904761905,0.615384615385,0.607142857143,0.640522875817,21.9389965
2600,0.0849032527803,0.092925928,0.0843176486331,0.738666666667,0.716049382716,0.787878787879,0.577586206897,0.557692307692,0.675496688742,22.027645041
2610,0.0880272234163,0.0950710589544,0.093203565351,0.752,0.722222222222,0.74025974026,0.567441860465,0.526315789474,0.538461538462,22.112324208
2620,0.0845137390764,0.0950389931881,0.0906805985301,0.762666666667,0.734567901235,0.753246753247,0.614718614719,0.598130841121,0.577777777778,22.214932718
2630,0.0844008094364,0.0927244287991,0.0904975649653,0.76,0.728395061728,0.770562770563,0.598214285714,0.576923076923,0.618705035971,22.303350531
2640,0.0837182633661,0.0932371196875,0.0895445667032,0.768,0.734567901235,0.761904761905,0.616740088106,0.582524271845,0.609929078014,22.389650123
2650,0.0879202875822,0.0944586518211,0.0913759581876,0.754666666667,0.728395061728,0.757575757576,0.603448275862,0.592592592593,0.605633802817,22.475322925
2660,0.0836224986345,0.0942722371333,0.0897653185982,0.752,0.722222222222,0.748917748918,0.623481781377,0.615384615385,0.628205128205,22.563521982
2670,0.0870711042699,0.0957648432866,0.0936292465517,0.765333333333,0.716049382716,0.744588744589,0.620689655172,0.574074074074,0.569343065693,22.643897394
2680,0.0832401363461,0.0936928149835,0.0889596174099,0.754666666667,0.734567901235,0.774891774892,0.610169491525,0.612612612613,0.657894736842,22.734624551
2690,0.0843155419139,0.0967045660603,0.0906754918327,0.76,0.70987654321,0.757575757576,0.615384615385,0.576576576577,0.621621621622,22.825930857
2700,0.0833942160895,0.0925471133473,0.0855808133093,0.752,0.740740740741,0.774891774892,0.582959641256,0.596153846154,0.623188405797,22.909096024
2710,0.0869542548715,0.0975256603514,0.0909274439021,0.741333333333,0.716049382716,0.753246753247,0.580086580087,0.574074074074,0.606896551724,22.994619795
2720,0.0854829395439,0.0889536398043,0.0908280467215,0.752,0.740740740741,0.761904761905,0.56338028169,0.571428571429,0.592592592593,23.0874806
2730,0.0829416139652,0.0918859522315,0.0922885667659,0.765333333333,0.746913580247,0.757575757576,0.592592592593,0.601941747573,0.575757575758,23.174429591
2740,0.0824810101132,0.0901538012101,0.0913211637352,0.781333333333,0.746913580247,0.779220779221,0.627272727273,0.609523809524,0.63829787234,23.262918614
2750,0.084186913326,0.0912835763985,0.0914805344289,0.768,0.740740740741,0.753246753247,0.587677725118,0.58,0.571428571429,23.345889393
2760,0.0817993051232,0.0925188021667,0.0847980582077,0.770666666667,0.734567901235,0.78354978355,0.635593220339,0.605504587156,0.652777777778,23.433329448
2770,0.0820100691489,0.0896827309381,0.0882372878159,0.770666666667,0.728395061728,0.757575757576,0.612612612613,0.576923076923,0.588235294118,23.51720198
2780,0.0825905220748,0.0906757202193,0.0915879113945,0.781333333333,0.746913580247,0.766233766234,0.623853211009,0.616822429907,0.619718309859,23.604639991
2790,0.0860457304182,0.102121682896,0.0920899876418,0.773333333333,0.716049382716,0.766233766234,0.628820960699,0.59649122807,0.608695652174,23.693980135
2800,0.0827082299511,0.0931884036028,0.0893340021036,0.786666666667,0.740740740741,0.770562770563,0.652173913043,0.603773584906,0.629370629371,23.785479272
2810,0.0873702578521,0.0960210003658,0.090697234139,0.76,0.728395061728,0.748917748918,0.608695652174,0.614035087719,0.613333333333,23.868395778
2820,0.0841556682103,0.0941446402446,0.0863989671724,0.768,0.728395061728,0.761904761905,0.629787234043,0.6,0.620689655172,23.956768692
2830,0.083897606594,0.0955344759907,0.0874430789691,0.773333333333,0.734567901235,0.774891774892,0.64135021097,0.632478632479,0.643835616438,24.036468027
2840,0.0850750722435,0.09885413188,0.0948860688031,0.76,0.734567901235,0.74025974026,0.563106796117,0.537634408602,0.53125,24.122324831
2850,0.0872590947229,0.106098758892,0.0902859460318,0.754666666667,0.697530864198,0.735930735931,0.589285714286,0.505050505051,0.554744525547,24.203332246
2860,0.0822802898883,0.0977747920543,0.0903778892009,0.789333333333,0.759259259259,0.744588744589,0.674897119342,0.660869565217,0.624203821656,24.280924124
2870,0.08358278,0.097793116413,0.0905936630455,0.768,0.753086419753,0.770562770563,0.639004149378,0.655172413793,0.653594771242,24.361824295
2880,0.0833157007168,0.0965981693736,0.0925786842011,0.768,0.740740740741,0.757575757576,0.613333333333,0.618181818182,0.616438356164,24.44686461
2890,0.0860437162562,0.0972805688262,0.0929818658588,0.757333333333,0.734567901235,0.727272727273,0.612765957447,0.612612612613,0.577181208054,24.529518291
2900,0.0830195945963,0.0955639837332,0.0914612278356,0.757333333333,0.753086419753,0.757575757576,0.58064516129,0.6,0.611111111111,24.612113297
2910,0.0852550973561,0.096720563533,0.0877380255886,0.752,0.746913580247,0.74025974026,0.550724637681,0.559139784946,0.55223880597,24.69905065
2920,0.0823898488558,0.0909583996653,0.0879854830638,0.765333333333,0.777777777778,0.761904761905,0.603603603604,0.647058823529,0.625850340136,24.783033042
2930,0.0853301611066,0.0938277516354,0.091790448988,0.752,0.740740740741,0.753246753247,0.56338028169,0.571428571429,0.595744680851,24.869609048
2940,0.0820234910494,0.0931297748907,0.089590110582,0.757333333333,0.740740740741,0.74025974026,0.56038647343,0.5625,0.565217391304,24.957121659
2950,0.0862636805997,0.100366958576,0.0919908706487,0.752,0.722222222222,0.731601731602,0.559241706161,0.505494505495,0.557142857143,25.038315009
2960,0.0839209807924,0.0948340119443,0.0894100296663,0.757333333333,0.722222222222,0.74025974026,0.551724137931,0.516129032258,0.545454545455,25.120778876
2970,0.0830393619077,0.0923906924844,0.0910771321911,0.765333333333,0.753086419753,0.74025974026,0.56862745098,0.555555555556,0.538461538462,25.203456816
2980,0.088885415416,0.0961322088533,0.097805056489,0.757333333333,0.740740740741,0.744588744589,0.523560209424,0.522727272727,0.520325203252,25.287518108
2990,0.08559325965,0.0952869768113,0.0899931471248,0.76,0.740740740741,0.731601731602,0.55,0.553191489362,0.5,25.366844117
3000,0.0859621289083,0.0943308680129,0.0946073680189,0.757333333333,0.734567901235,0.714285714286,0.564593301435,0.537634408602,0.5,25.449714313
3010,0.0871738586919,0.0948893554879,0.0942210564129,0.741333333333,0.734567901235,0.731601731602,0.54028436019,0.537634408602,0.537313432836,25.533685071
3020,0.0866901314094,0.102708969846,0.0959467736705,0.749333333333,0.703703703704,0.722943722944,0.560747663551,0.5,0.529411764706,25.613243613
3030,0.0840944501354,0.0960124966591,0.0948415475992,0.757333333333,0.746913580247,0.714285714286,0.576744186047,0.585858585859,0.514705882353,25.694075309
3040,0.0956023691846,0.112486210996,0.103986343793,0.728,0.66049382716,0.688311688312,0.592,0.521739130435,0.55,25.775832597
3050,0.0958672209746,0.0984822108312,0.0986677252624,0.736,0.734567901235,0.709956709957,0.497461928934,0.516853932584,0.446280991736,25.855356027
3060,0.0872982892279,0.0978103416853,0.0958268337857,0.752,0.740740740741,0.718614718615,0.607594936709,0.603773584906,0.569536423841,25.939701977
3070,0.0967881408981,0.0993132276645,0.101189695672,0.733333333333,0.722222222222,0.705627705628,0.489795918367,0.505494505495,0.433333333333,26.019984863
3080,0.08641832551,0.0999080492257,0.097175108874,0.765333333333,0.722222222222,0.722943722944,0.56,0.516129032258,0.5,26.102572137
3090,0.0832351120278,0.0920072256754,0.0959631100267,0.768,0.753086419753,0.692640692641,0.575609756098,0.565217391304,0.449612403101,26.183505512
3100,0.0839138161158,0.0936582556631,0.0945693323501,0.768,0.734567901235,0.709956709957,0.599078341014,0.574257425743,0.517985611511,26.266725379
3110,0.08398429595,0.0959057559724,0.0934151645317,0.781333333333,0.734567901235,0.718614718615,0.623853211009,0.590476190476,0.518518518519,26.354780648
3120,0.0877661169633,0.0935764354221,0.0962630151021,0.770666666667,0.746913580247,0.722943722944,0.586538461538,0.594059405941,0.507692307692,26.434956198
3130,0.0888159085807,0.10481770123,0.100247682443,0.76,0.703703703704,0.718614718615,0.594594594595,0.5,0.551724137931,26.516580489
3140,0.0828300848657,0.0984016747078,0.0938741044364,0.776,0.734567901235,0.748917748918,0.634782608696,0.582524271845,0.608108108108,26.603873918
3150,0.0879660220977,0.0996962667697,0.0978871370673,0.746666666667,0.734567901235,0.718614718615,0.577777777778,0.556701030928,0.545454545455,26.688609737
3160,0.0887754825794,0.0986054149666,0.102073302512,0.738666666667,0.70987654321,0.701298701299,0.550458715596,0.505263157895,0.510638297872,26.772661416
3170,0.0843780531817,0.0926685409317,0.0930457054264,0.778666666667,0.765432098765,0.727272727273,0.646808510638,0.634615384615,0.588235294118,26.860041873
3180,0.0850419953707,0.0999464395227,0.0982177503576,0.765333333333,0.734567901235,0.731601731602,0.572815533981,0.547368421053,0.537313432836,26.942489718
3190,0.0832254064422,0.0932248653787,0.0914527608967,0.765333333333,0.746913580247,0.74025974026,0.623931623932,0.601941747573,0.6,27.032888524
3200,0.0823035133304,0.0901717228936,0.0907506617075,0.768,0.759259259259,0.74025974026,0.599078341014,0.59793814433,0.565217391304,27.124277288
3210,0.085608641145,0.096091302644,0.0977698377572,0.768,0.734567901235,0.709956709957,0.567164179104,0.516853932584,0.496240601504,27.206748588
3220,0.0844984689386,0.090727439641,0.0953824031284,0.770666666667,0.753086419753,0.74025974026,0.598130841121,0.565217391304,0.55223880597,27.290968303
3230,0.0916059606787,0.100710172277,0.0980469348248,0.744,0.716049382716,0.727272727273,0.559633027523,0.510638297872,0.533333333333,27.376295068
3240,0.0845204443192,0.0944196799783,0.0908220778311,0.762666666667,0.728395061728,0.753246753247,0.607929515419,0.584905660377,0.61744966443,27.465135917
3250,0.0862388861715,0.0998126371987,0.0978457342423,0.770666666667,0.703703703704,0.709956709957,0.574257425743,0.454545454545,0.488549618321,27.552091453
3260,0.0822705132162,0.0888052449852,0.0926983094455,0.768,0.753086419753,0.74025974026,0.606334841629,0.62962962963,0.583333333333,27.638858297
3270,0.0845025634473,0.0933816593343,0.0935694400469,0.768,0.746913580247,0.714285714286,0.579710144928,0.549450549451,0.507462686567,27.72876933
3280,0.0849541139101,0.0920290542495,0.092940918697,0.765333333333,0.734567901235,0.727272727273,0.607142857143,0.574257425743,0.577181208054,27.819101406
3290,0.0855667259856,0.0940463193887,0.0957304526022,0.762666666667,0.746913580247,0.731601731602,0.597285067873,0.594059405941,0.569444444444,27.908053924
3300,0.0887258337552,0.0952956152741,0.0947192119764,0.76,0.753086419753,0.718614718615,0.55,0.545454545455,0.503816793893,27.997993915
3310,0.0840059498544,0.0940035229147,0.093650565394,0.76,0.734567901235,0.727272727273,0.615384615385,0.582524271845,0.571428571429,28.086701753
3320,0.0836359278791,0.0983687833674,0.100204003711,0.770666666667,0.70987654321,0.709956709957,0.605504587156,0.534653465347,0.517985611511,28.175232334
3330,0.0834375237466,0.0921848319224,0.0959401541211,0.776,0.759259259259,0.74025974026,0.641025641026,0.660869565217,0.6,28.260071623
3340,0.0836505979174,0.0947166010403,0.0965402525505,0.765333333333,0.746913580247,0.731601731602,0.617391304348,0.585858585859,0.575342465753,28.340501664
3350,0.08140859212,0.0900564179641,0.0937409491911,0.765333333333,0.746913580247,0.748917748918,0.614035087719,0.577319587629,0.602739726027,28.424814351
3360,0.0842361789526,0.0960590718166,0.0986509918789,0.776,0.70987654321,0.735930735931,0.634782608696,0.56880733945,0.590604026846,28.50559394
3370,0.0831887043316,0.0920083745192,0.0945174990428,0.781333333333,0.759259259259,0.735930735931,0.652542372881,0.642201834862,0.596026490066,28.59183663
3380,0.0856501620479,0.098797955599,0.090676862497,0.789333333333,0.728395061728,0.748917748918,0.669456066946,0.607142857143,0.613333333333,28.676982885
3390,0.0836861492599,0.0939310573049,0.0917099090212,0.776,0.734567901235,0.735930735931,0.661290322581,0.638655462185,0.611464968153,28.761350243
3400,0.0835708498202,0.0919177844979,0.092774669195,0.773333333333,0.759259259259,0.735930735931,0.644351464435,0.654867256637,0.596026490066,28.848350555
3410,0.0870900645046,0.0903448307385,0.0973498632749,0.778666666667,0.765432098765,0.727272727273,0.640692640693,0.627450980392,0.546762589928,28.943351311
3420,0.0880283879154,0.101263298923,0.0944574465602,0.781333333333,0.734567901235,0.744588744589,0.666666666667,0.644628099174,0.62893081761,29.035366275
3430,0.0873612362421,0.0898907344784,0.0982577240981,0.778666666667,0.765432098765,0.727272727273,0.60663507109,0.595744680851,0.511627906977,29.12290419
3440,0.0886533457723,0.0911164809677,0.0991946868168,0.762666666667,0.753086419753,0.727272727273,0.597285067873,0.607843137255,0.546762589928,29.205282049
3450,0.0822544050841,0.0903711678776,0.0931691580798,0.773333333333,0.777777777778,0.74025974026,0.635193133047,0.653846153846,0.594594594595,29.287696508
3460,0.0818140703,0.0890604101794,0.0946597259163,0.792,0.765432098765,0.727272727273,0.651785714286,0.641509433962,0.553191489362,29.371266784
3470,0.0862832903916,0.098014961983,0.0916158520302,0.762666666667,0.740740740741,0.748917748918,0.614718614719,0.603773584906,0.602739726027,29.460745775
3480,0.0831489063648,0.0932634376296,0.0926257951017,0.784,0.765432098765,0.74025974026,0.658227848101,0.654545454545,0.58904109589,29.54405732
3490,0.0817619128361,0.0884521505841,0.09143586014,0.778666666667,0.777777777778,0.748917748918,0.631111111111,0.666666666667,0.591549295775,29.627767895
3500,0.0815149224639,0.088198804164,0.091664854256,0.776,0.777777777778,0.74025974026,0.637931034483,0.666666666667,0.58904109589,29.712963432
3510,0.0810277077283,0.0890917401587,0.0899460035561,0.784,0.765432098765,0.735930735931,0.649350649351,0.648148148148,0.585034013605,29.794194319
3520,0.0844377648139,0.0901822879474,0.0936373624426,0.784,0.753086419753,0.735930735931,0.643171806167,0.615384615385,0.554744525547,29.874992799
3530,0.0815291214491,0.0934248829084,0.0961010379211,0.784,0.759259259259,0.722943722944,0.661087866109,0.642201834862,0.561643835616,29.958342511
3540,0.0815778466843,0.0906028690541,0.0942118056266,0.773333333333,0.765432098765,0.753246753247,0.625550660793,0.641509433962,0.601398601399,30.040086759
3550,0.0836290782412,0.0915528098534,0.0913051553059,0.781333333333,0.746913580247,0.753246753247,0.649572649573,0.637168141593,0.632258064516,30.124100195
3560,0.0899372960253,0.0977396502907,0.0927987536371,0.757333333333,0.722222222222,0.731601731602,0.637450199203,0.615384615385,0.617283950617,30.204950031
3570,0.0850308597726,0.0949286941002,0.0974567623517,0.773333333333,0.734567901235,0.735930735931,0.632034632035,0.598130841121,0.579310344828,30.288239169
3580,0.0875035129875,0.0977338264692,0.0909622921778,0.770666666667,0.728395061728,0.753246753247,0.6640625,0.633333333333,0.636942675159,30.372756594
3590,0.0867527358162,0.100075232845,0.0913176782712,0.768,0.765432098765,0.74025974026,0.650602409639,0.660714285714,0.615384615385,30.459685031
3600,0.0867661056157,0.101090178292,0.0936441719156,0.768,0.746913580247,0.753246753247,0.658823529412,0.661157024793,0.641509433962,30.544811059
3610,0.0850546990248,0.102848022572,0.093199919615,0.757333333333,0.716049382716,0.735930735931,0.622406639004,0.616666666667,0.601307189542,30.62919201
3620,0.085188390792,0.0899289463063,0.0969182029452,0.757333333333,0.765432098765,0.714285714286,0.564593301435,0.627450980392,0.514705882353,30.707804472
3630,0.0837431757406,0.0937920951707,0.0913009511012,0.776,0.734567901235,0.74025974026,0.618181818182,0.574257425743,0.577464788732,30.789763845
3640,0.0808746228773,0.0930101208171,0.0938632254784,0.778666666667,0.771604938272,0.722943722944,0.663967611336,0.666666666667,0.567567567568,30.873627275
3650,0.0838354212743,0.0927788173482,0.0867627014362,0.754666666667,0.759259259259,0.761904761905,0.643410852713,0.672268907563,0.670658682635,30.958628949
3660,0.0844790620738,0.0925621862653,0.0848346122544,0.757333333333,0.740740740741,0.766233766234,0.648648648649,0.65,0.658227848101,31.042800244
3670,0.0818283453257,0.0855036129904,0.0909210038339,0.778666666667,0.777777777778,0.744588744589,0.637554585153,0.653846153846,0.569343065693,31.12873213
3680,0.0868697702453,0.0950373583873,0.0956858429699,0.768,0.753086419753,0.735930735931,0.635983263598,0.607843137255,0.585034013605,31.210613424
3690,0.0833159631134,0.0850898452541,0.091566951123,0.768,0.783950617284,0.714285714286,0.62660944206,0.660194174757,0.541666666667,31.296811754
3700,0.0815410798177,0.0862247366958,0.09090090187,0.781333333333,0.783950617284,0.718614718615,0.623853211009,0.639175257732,0.525547445255,31.379526671
3710,0.0822988776897,0.0887147730159,0.0878331764864,0.773333333333,0.79012345679,0.722943722944,0.658634538153,0.679245283019,0.573333333333,31.465477293
3720,0.0803145586495,0.0831666604262,0.0902031143826,0.792,0.79012345679,0.722943722944,0.666666666667,0.673076923077,0.561643835616,31.553245379
3730,0.0801552743122,0.0863124041866,0.0872673288438,0.784,0.79012345679,0.74025974026,0.646288209607,0.673076923077,0.571428571429,31.638463214
3740,0.0829710407685,0.0929279313698,0.0910147443716,0.784,0.734567901235,0.744588744589,0.687258687259,0.619469026549,0.62893081761,31.72360878
3750,0.0826112159241,0.0858476266031,0.0939021954829,0.768,0.777777777778,0.709956709957,0.602739726027,0.653846153846,0.524822695035,31.8066928
3760,0.0819360426925,0.0892294217829,0.0973964733591,0.786666666667,0.753086419753,0.705627705628,0.642857142857,0.622641509434,0.527777777778,31.889739829
3770,0.0839301801875,0.0938285084682,0.0978142783863,0.741333333333,0.728395061728,0.701298701299,0.587234042553,0.592592592593,0.543046357616,31.976832459
3780,0.0807807256414,0.0853356790545,0.0919431083145,0.773333333333,0.753086419753,0.722943722944,0.625550660793,0.642857142857,0.567567567568,32.062604816
3790,0.0823548819637,0.0916353680724,0.0950320870167,0.768,0.728395061728,0.705627705628,0.629787234043,0.627118644068,0.558441558442,32.142727533
3800,0.0833862679168,0.0900967628565,0.0930420958856,0.773333333333,0.771604938272,0.718614718615,0.628820960699,0.654205607477,0.545454545455,32.227353121
3810,0.0829324651771,0.0915885647883,0.0976540654979,0.757333333333,0.740740740741,0.679653679654,0.595555555556,0.5625,0.471428571429,32.313386528
3820,0.0865707844906,0.0980965198506,0.0976223599762,0.749333333333,0.70987654321,0.722943722944,0.646616541353,0.635658914729,0.627906976744,32.395671722
3830,0.0810204258238,0.0853998034704,0.0881563582602,0.773333333333,0.753086419753,0.74025974026,0.628820960699,0.62962962963,0.571428571429,32.477690368
3840,0.0828110435848,0.0858174063293,0.0960567486229,0.757333333333,0.759259259259,0.735930735931,0.564593301435,0.59793814433,0.527131782946,32.562697693
3850,0.0800320770988,0.0826449555281,0.0911798344373,0.768,0.783950617284,0.727272727273,0.613333333333,0.666666666667,0.546762589928,32.646161705
3860,0.0816675106854,0.0828926569949,0.091729945351,0.762666666667,0.777777777778,0.731601731602,0.604444444444,0.672727272727,0.575342465753,32.729317345
3870,0.0859159749996,0.0812236585211,0.0959915838267,0.770666666667,0.765432098765,0.744588744589,0.578431372549,0.604166666667,0.535433070866,32.814430132
3880,0.0869280360337,0.0970328527267,0.0995541664631,0.762666666667,0.734567901235,0.735930735931,0.557213930348,0.537634408602,0.51968503937,32.899399036
3890,0.0836253456498,0.0829196110557,0.0972304393754,0.768,0.759259259259,0.731601731602,0.583732057416,0.59793814433,0.515625,32.986611818
3900,0.0854424455491,0.0866760640835,0.0934685669462,0.765333333333,0.771604938272,0.735930735931,0.603603603604,0.654205607477,0.561151079137,33.067357888
3910,0.086081852103,0.0924216859771,0.103184220392,0.754666666667,0.740740740741,0.709956709957,0.544554455446,0.58,0.517985611511,33.15279938
3920,0.0797751068904,0.0809135303747,0.095460610645,0.765333333333,0.777777777778,0.714285714286,0.614035087719,0.647058823529,0.521739130435,33.234194124
3930,0.0794326964745,0.0909333967105,0.104203257696,0.770666666667,0.734567901235,0.692640692641,0.598130841121,0.574257425743,0.481751824818,33.318768492
3940,0.0803543329095,0.0883886081085,0.103088894629,0.76,0.771604938272,0.718614718615,0.567307692308,0.618556701031,0.532374100719,33.403859677
3950,0.0775648147679,0.0886829460068,0.103194492807,0.778666666667,0.765432098765,0.69696969697,0.62443438914,0.62,0.492753623188,33.49042848
3960,0.0778021075232,0.0958540200692,0.10397086077,0.776,0.734567901235,0.705627705628,0.65,0.612612612613,0.575,33.574931739
3970,0.0818254975689,0.0955891364631,0.10564193794,0.76,0.753086419753,0.722943722944,0.579439252336,0.591836734694,0.522388059701,33.652934431
3980,0.0813060545744,0.0963460852644,0.106446488019,0.754666666667,0.759259259259,0.701298701299,0.570093457944,0.613861386139,0.510638297872,33.741487488
3990,0.0825908268511,0.0961052390003,0.109526490516,0.76,0.734567901235,0.709956709957,0.642857142857,0.619469026549,0.562091503268,33.826533522
4000,0.0804428541912,0.0958853014041,0.110500159173,0.778666666667,0.734567901235,0.688311688312,0.62443438914,0.582524271845,0.485714285714,33.911493096
4010,0.0824533132157,0.0980836155766,0.107600801,0.754666666667,0.740740740741,0.709956709957,0.577981651376,0.58,0.510948905109,33.998123112
4020,0.0840009066964,0.0962254124374,0.108205609935,0.76,0.722222222222,0.709956709957,0.554455445545,0.505494505495,0.480620155039,34.08244641
4030,0.0837695941855,0.0943496497744,0.108567196457,0.765333333333,0.728395061728,0.709956709957,0.56862745098,0.531914893617,0.496240601504,34.16678791
4040,0.0923527046755,0.103023028445,0.115172852769,0.757333333333,0.70987654321,0.701298701299,0.518518518519,0.459770114943,0.4,34.248564015
4050,0.0863119560608,0.10074049569,0.110284840039,0.754666666667,0.716049382716,0.705627705628,0.530612244898,0.477272727273,0.476923076923,34.329929605
4060,0.0827210906034,0.0895823022234,0.108627710496,0.768,0.759259259259,0.692640692641,0.595348837209,0.621359223301,0.503496503497,34.416147436
4070,0.08280272347,0.100185268883,0.107739969902,0.762666666667,0.740740740741,0.701298701299,0.578199052133,0.553191489362,0.496350364964,34.499278054
4080,0.0799816663454,0.0964275367374,0.105582873274,0.781333333333,0.734567901235,0.701298701299,0.640350877193,0.598130841121,0.549019607843,34.588204249
4090,0.0796412635011,0.0941503645888,0.104140612678,0.792,0.783950617284,0.709956709957,0.657894736842,0.666666666667,0.556291390728,34.672861328
4100,0.0791149372149,0.0940166764291,0.103177412539,0.789333333333,0.765432098765,0.727272727273,0.642533936652,0.641509433962,0.571428571429,34.754259162
4110,0.08331203712,0.0943401598968,0.108513085606,0.768,0.765432098765,0.701298701299,0.599078341014,0.612244897959,0.510638297872,34.842403137
4120,0.0781168509419,0.0957461133144,0.104373646936,0.784,0.765432098765,0.718614718615,0.64,0.648148148148,0.569536423841,34.924812551
4130,0.0799823784591,0.0939310788548,0.104792326928,0.776,0.753086419753,0.714285714286,0.652892561983,0.642857142857,0.571428571429,35.011325387
4140,0.0816594242071,0.0943389836258,0.106572411002,0.773333333333,0.753086419753,0.688311688312,0.644351464435,0.642857142857,0.532467532468,35.096465446
4150,0.081994236407,0.0921447278709,0.108876493245,0.754666666667,0.746913580247,0.692640692641,0.6,0.630630630631,0.529801324503,35.18147304
4160,0.0782556191326,0.0931238652027,0.104341244026,0.794666666667,0.734567901235,0.705627705628,0.648401826484,0.590476190476,0.514285714286,35.26400423
4170,0.0795694160735,0.0897026846465,0.103224268644,0.786666666667,0.79012345679,0.709956709957,0.622641509434,0.666666666667,0.503703703704,35.344230137
4180,0.0840342027817,0.0962491094229,0.111878573492,0.770666666667,0.753086419753,0.692640692641,0.635593220339,0.636363636364,0.535947712418,35.425040787
4190,0.0804163860123,0.0938448294465,0.103581610893,0.768,0.783950617284,0.709956709957,0.595348837209,0.639175257732,0.503703703704,35.507870243
4200,0.0888707380816,0.0978123063418,0.1088992797,0.744,0.740740740741,0.692640692641,0.505154639175,0.54347826087,0.44094488189,35.593006087
4210,0.0826180779572,0.0960261101848,0.103820940198,0.762666666667,0.728395061728,0.735930735931,0.633744855967,0.627118644068,0.621118012422,35.677815461
4220,0.0883087319764,0.0986438859558,0.105579547397,0.746666666667,0.722222222222,0.714285714286,0.641509433962,0.651162790698,0.611764705882,35.759386637
4230,0.0791537265885,0.083024492232,0.101403326893,0.781333333333,0.765432098765,0.714285714286,0.616822429907,0.641509433962,0.554054054054,35.84562982
4240,0.0766269703312,0.0921438985842,0.101107322263,0.773333333333,0.759259259259,0.722943722944,0.63829787234,0.654867256637,0.589743589744,35.931743502
4250,0.0773995048164,0.0907555603576,0.0994019280283,0.776,0.765432098765,0.748917748918,0.658536585366,0.677966101695,0.6375,36.015340579
4260,0.0801293728594,0.0888922673076,0.0986942544229,0.768,0.771604938272,0.731601731602,0.644897959184,0.678260869565,0.6125,36.095615328
4270,0.0753124643689,0.0886662974064,0.0999658338964,0.797333333333,0.753086419753,0.709956709957,0.672413793103,0.636363636364,0.567741935484,36.183040691
4280,0.0806117893683,0.0879581500029,0.101992815413,0.765333333333,0.765432098765,0.744588744589,0.63025210084,0.660714285714,0.61935483871,36.266628406
4290,0.085840085298,0.0996657423062,0.108298374863,0.765333333333,0.746913580247,0.714285714286,0.636363636364,0.655462184874,0.582278481013,36.348685107
4300,0.0762075831426,0.0897711954095,0.101609622113,0.789333333333,0.740740740741,0.727272727273,0.672199170124,0.631578947368,0.59872611465,36.436539813
4310,0.077431625771,0.0916288588366,0.10553985086,0.794666666667,0.746913580247,0.714285714286,0.685714285714,0.637168141593,0.5875,36.521445094
4320,0.0825291690615,0.0947401800211,0.0994604911084,0.773333333333,0.753086419753,0.766233766234,0.664031620553,0.649122807018,0.670731707317,36.607391392
4330,0.0836109300741,0.0960594339289,0.102038587294,0.770666666667,0.753086419753,0.727272727273,0.653225806452,0.649122807018,0.618181818182,36.691127953
4340,0.0907446216602,0.111827361885,0.108829822244,0.754666666667,0.703703703704,0.705627705628,0.673758865248,0.652173913043,0.642105263158,36.775512005
4350,0.0792822635005,0.0899513677034,0.102283045531,0.784,0.765432098765,0.727272727273,0.661087866109,0.660714285714,0.588235294118,36.861667804
4360,0.0771054038734,0.0883915993793,0.101766316665,0.797333333333,0.753086419753,0.718614718615,0.680672268908,0.649122807018,0.58064516129,36.942003842
4370,0.0769273354457,0.0885735323801,0.102626648099,0.789333333333,0.746913580247,0.718614718615,0.677551020408,0.64347826087,0.596273291925,37.025299975
4380,0.0755970645101,0.0909471493615,0.103163795885,0.792,0.759259259259,0.727272727273,0.677685950413,0.660869565217,0.603773584906,37.108390169
4390,0.0858289107017,0.0996689506791,0.110048711235,0.765333333333,0.734567901235,0.701298701299,0.68345323741,0.686131386861,0.614525139665,37.192089753
4400,0.0761817339091,0.0935376812819,0.107252602774,0.8,0.740740740741,0.701298701299,0.68085106383,0.631578947368,0.554838709677,37.279430423
4410,0.0864821156771,0.105628167933,0.112206470124,0.770666666667,0.697530864198,0.701298701299,0.701388888889,0.625954198473,0.622950819672,37.364942167
4420,0.0763612126383,0.0880816725801,0.105322147705,0.802666666667,0.753086419753,0.69696969697,0.683760683761,0.636363636364,0.527027027027,37.451464031
4430,0.0772747804243,0.0904957851759,0.104555835633,0.789333333333,0.746913580247,0.69696969697,0.666666666667,0.637168141593,0.551282051282,37.532566137
4440,0.0761847187111,0.090191095147,0.103266812088,0.786666666667,0.746913580247,0.701298701299,0.669421487603,0.64347826087,0.571428571429,37.616958212
4450,0.0803601914194,0.0947810979279,0.10718474532,0.776,0.740740740741,0.701298701299,0.647058823529,0.625,0.56050955414,37.702373809
4460,0.0760755225364,0.0894736021681,0.101319664145,0.797333333333,0.765432098765,0.727272727273,0.680672268908,0.666666666667,0.59872611465,37.791643543
4470,0.079167889679,0.101473566077,0.107637836564,0.784,0.722222222222,0.709956709957,0.658227848101,0.587155963303,0.562091503268,37.874689147
4480,0.0810085887205,0.104373455193,0.109409812138,0.781333333333,0.697530864198,0.688311688312,0.66935483871,0.573913043478,0.532467532468,37.958791833
4490,0.0838556957866,0.0981184706658,0.106867683152,0.770666666667,0.734567901235,0.718614718615,0.638655462185,0.632478632479,0.591194968553,38.042666574
4500,0.0773721596602,0.0920507734169,0.102634174588,0.797333333333,0.734567901235,0.718614718615,0.672413793103,0.612612612613,0.575163398693,38.126631361
4510,0.0780323145666,0.0897279871094,0.105565776857,0.794666666667,0.753086419753,0.718614718615,0.677824267782,0.655172413793,0.58064516129,38.210286625
4520,0.079885574124,0.0904986761316,0.106237529007,0.778666666667,0.746913580247,0.718614718615,0.643776824034,0.637168141593,0.569536423841,38.29411521
4530,0.081393195666,0.0913020613479,0.105023951354,0.781333333333,0.746913580247,0.718614718615,0.652542372881,0.655462184874,0.569536423841,38.377618418
4540,0.081300393026,0.0918999932941,0.109823499791,0.789333333333,0.765432098765,0.709956709957,0.655021834061,0.660714285714,0.55033557047,38.458678084
4550,0.079416864814,0.0906976791169,0.105877400013,0.778666666667,0.777777777778,0.74025974026,0.610328638498,0.64,0.55223880597,38.54444649
4560,0.0804475760662,0.0923767092529,0.106413171242,0.784,0.746913580247,0.718614718615,0.646288209607,0.609523809524,0.569536423841,38.633444252
4570,0.0803865656542,0.0885786056227,0.10679391792,0.781333333333,0.771604938272,0.727272727273,0.64347826087,0.654205607477,0.582781456954,38.72131399
4580,0.08361598505,0.0963090009735,0.10555625209,0.784,0.734567901235,0.731601731602,0.646288209607,0.605504587156,0.581081081081,38.805440378
4590,0.0805087127262,0.0971063429356,0.10289914204,0.792,0.734567901235,0.731601731602,0.669491525424,0.605504587156,0.602564102564,38.887424031
4600,0.0802355157594,0.0919688223625,0.104117896882,0.786666666667,0.753086419753,0.727272727273,0.63963963964,0.622641509434,0.582781456954,38.97702172
4610,0.0828992105514,0.0966160569819,0.103658499809,0.776,0.753086419753,0.735930735931,0.631578947368,0.62962962963,0.601307189542,39.066476341
4620,0.0817140759454,0.0997555088844,0.100741680902,0.789333333333,0.728395061728,0.727272727273,0.663829787234,0.614035087719,0.59872611465,39.150698727
4630,0.0822011819608,0.0941713562421,0.102784681141,0.784,0.740740740741,0.731601731602,0.643171806167,0.611111111111,0.586666666667,39.23311794
4640,0.0830405781011,0.099653507275,0.104661532096,0.776,0.734567901235,0.718614718615,0.65,0.619469026549,0.575163398693,39.318657424
4650,0.0823106577601,0.0989474377106,0.105479738911,0.792,0.728395061728,0.727272727273,0.669491525424,0.620689655172,0.593548387097,39.405195403
4660,0.080413664924,0.0957854443771,0.102899940988,0.797333333333,0.740740740741,0.731601731602,0.675213675214,0.637931034483,0.617283950617,39.489796718
4670,0.0807489083138,0.0933593397388,0.104437809446,0.792,0.746913580247,0.709956709957,0.657894736842,0.630630630631,0.544217687075,39.572719452
4680,0.079312430456,0.0905919408204,0.101650515361,0.797333333333,0.746913580247,0.718614718615,0.669565217391,0.623853211009,0.557823129252,39.66054688
4690,0.0776872019881,0.0979169733285,0.104087420281,0.805333333333,0.740740740741,0.718614718615,0.697095435685,0.631578947368,0.596273291925,39.746677109
4700,0.0796416653728,0.0939491109777,0.104365934103,0.797333333333,0.734567901235,0.705627705628,0.666666666667,0.598130841121,0.534246575342,39.830379583
4710,0.079791089773,0.0939907820256,0.103439374033,0.786666666667,0.734567901235,0.731601731602,0.65811965812,0.605504587156,0.597402597403,39.912741911
4720,0.0799882485867,0.0959943495813,0.107203960959,0.797333333333,0.746913580247,0.727272727273,0.683333333333,0.637168141593,0.603773584906,39.995797305
4730,0.0786847558403,0.0937070095898,0.0948264284754,0.794666666667,0.740740740741,0.731601731602,0.669527896996,0.618181818182,0.597402597403,40.078123707
4740,0.0795344970313,0.0974230381495,0.100435055791,0.805333333333,0.734567901235,0.727272727273,0.683982683983,0.598130841121,0.577181208054,40.161264135
4750,0.0803530017625,0.0973310226327,0.101218360307,0.792,0.728395061728,0.722943722944,0.669491525424,0.607142857143,0.578947368421,40.24800045
4760,0.0779232045324,0.0936913295607,0.0980924223167,0.784,0.734567901235,0.735930735931,0.661087866109,0.612612612613,0.606451612903,40.330071792
4770,0.0822855294145,0.091127749124,0.0980367253631,0.768,0.734567901235,0.744588744589,0.620087336245,0.598130841121,0.614379084967,40.414948346
4780,0.0825963031278,0.0918251063687,0.0988255189431,0.770666666667,0.740740740741,0.744588744589,0.622807017544,0.611111111111,0.614379084967,40.497259177
4790,0.0849956691414,0.0974844139836,0.102636575674,0.773333333333,0.740740740741,0.74025974026,0.655870445344,0.65,0.620253164557,40.583560805
4800,0.0836672916992,0.09456974128,0.107138036422,0.789333333333,0.753086419753,0.69696969697,0.666666666667,0.642857142857,0.556962025316,40.663808873
4810,0.0846817065682,0.0875228297477,0.0989319078095,0.781333333333,0.753086419753,0.748917748918,0.627272727273,0.607843137255,0.591549295775,40.751692444
4820,0.0892830533205,0.0995854489698,0.100042366301,0.770666666667,0.746913580247,0.753246753247,0.626086956522,0.623853211009,0.622516556291,40.835051669
4830,0.0820216029753,0.0919281883663,0.100870236203,0.781333333333,0.746913580247,0.722943722944,0.646551724138,0.630630630631,0.578947368421,40.917856638
4840,0.0875384764616,0.0877159565808,0.10041928995,0.768,0.765432098765,0.74025974026,0.587677725118,0.634615384615,0.571428571429,41.002047137
4850,0.0811318805241,0.0996916260756,0.103543791998,0.784,0.728395061728,0.727272727273,0.663900414938,0.614035087719,0.582781456954,41.089484535
4860,0.0804933058496,0.0912541285876,0.101861762966,0.781333333333,0.746913580247,0.718614718615,0.64347826087,0.630630630631,0.569536423841,41.175233982
4870,0.0818136908012,0.0958804256038,0.100217822257,0.786666666667,0.746913580247,0.735930735931,0.669421487603,0.64347826087,0.616352201258,41.257837126
4880,0.0815408795705,0.0975338192855,0.0985156933334,0.773333333333,0.722222222222,0.731601731602,0.671814671815,0.628099173554,0.6125,41.342733632
4890,0.0824443421803,0.0989667775087,0.100626711973,0.781333333333,0.740740740741,0.757575757576,0.652542372881,0.625,0.641025641026,41.428620752
4900,0.0789168519547,0.095554651472,0.0998914355879,0.797333333333,0.722222222222,0.735930735931,0.698412698413,0.628099173554,0.616352201258,41.512916966
4910,0.0814221873389,0.0980827174166,0.104369447606,0.776,0.716049382716,0.718614718615,0.655737704918,0.603448275862,0.58064516129,41.594120174
4920,0.0817165902455,0.100223737188,0.100274805347,0.776,0.703703703704,0.74025974026,0.652892561983,0.586206896552,0.620253164557,41.677301409
4930,0.0816861396814,0.0982189118728,0.100769692972,0.786666666667,0.722222222222,0.744588744589,0.672131147541,0.608695652174,0.624203821656,41.764744513
4940,0.0833897710544,0.0921466792424,0.103306621933,0.773333333333,0.746913580247,0.74025974026,0.608294930876,0.609523809524,0.58904109589,41.852894588
4950,0.0875597218751,0.0944665417707,0.107962508039,0.770666666667,0.753086419753,0.731601731602,0.590476190476,0.607843137255,0.550724637681,41.934661676
4960,0.0836617386454,0.0977076848737,0.101219535727,0.76,0.728395061728,0.718614718615,0.634146341463,0.584905660377,0.575163398693,42.022665282
4970,0.0838717686874,0.100305702939,0.0986288704018,0.773333333333,0.740740740741,0.761904761905,0.635193133047,0.618181818182,0.640522875817,42.107069942
4980,0.0847416506217,0.0936803502999,0.0978862546824,0.762666666667,0.746913580247,0.74025974026,0.62447257384,0.616822429907,0.58904109589,42.19548872
4990,0.0839001206994,0.0936300086026,0.096743062006,0.762666666667,0.759259259259,0.761904761905,0.597285067873,0.628571428571,0.625850340136,42.27861681
5000,0.0828920712719,0.0966923879379,0.101021288816,0.76,0.740740740741,0.727272727273,0.618644067797,0.596153846154,0.582781456954,42.362440837
